"Cluster","Size","Size_Percentage","Avg_Recency","Avg_Frequency","Avg_Monetary","Avg_R_Score","Avg_F_Score","Avg_M_Score"
"3",3060,70.5394190871369,43.4330065359477,3.67875816993464,1358.1669127451,3.51241830065359,3.21503267973856,3.2016339869281
"1",1061,24.458275703089,248.17342130066,1.55136663524976,478.194732327992,1.18567389255419,1.97737983034873,2.00848256361923
"4",204,4.70262793914246,14.9558823529412,22.3333333333333,12709.0904901961,4.62254901960784,4.96078431372549,4.99019607843137
"2",13,0.299677270631628,6.61538461538461,82.5384615384615,127338.313846154,4.76923076923077,4.84615384615385,5
